{"ADAM10": 0.10242538547905147, "CD10": 0.1377272389326573, "CD11a": 0.11459988340416291, "CD11c": 0.041640800779988725, "CD14": 0.05828192902374742, "CD16": 0.0980084846839121, "CD163": 0.08526471590111877, "CD2": 0.09548549794775192, "CD24": 0.13448554974528198, "CD25": 0.09019404629284224, "CD29": 0.08688028239256496, "CD3": 0.1267901177446554, "CD36": 0.05979771189582997, "CD38": 0.12398555313030425, "CD4": 0.08264712355675366, "CD40": 0.07948374841712892, "CD44": 0.10090649105334615, "CD45": 0.07822051152949996, "CD45RA": 0.07822051152949996, "CD45RO": 0.14503351550236535, "CD5": 0.10220936635988914, "CD54": 0.10717463339654877, "CD55": 0.08124236371170722, "CD56": 0.053161737053183736, "CD6": 0.08031140804997368, "CD62P": 0.05605764084097959, "CD63": 0.05129311829299489, "CD68": 0.1233590664584942, "CD69": 0.11168539361304257, "CD7": 0.16047518691624665, "CD8": 0.06903120572914322, "CD9": 0.14693793751026474, "CD95": 0.16880311858875977, "Cytokeratin-14": 0.06813890067332752, "HLA-ABC": 0.12721913999981616, "HLA-DR": 0.07891541684420424, "Notch-1": 0.11977825491524162, "Notch-3": 0.11284847040085295, "TNFR1": 0.18178953882045631, "Vimentin": 0.05261517458711418}