{"ADAM10": 0.13366618409027678, "CD10": 0.1667035996976808, "CD11a": 0.14616892365448278, "CD11c": 0.10210857887424274, "CD14": 0.09740895480722495, "CD16": 0.14584962766262308, "CD163": 0.1346912395702547, "CD2": 0.13969823920041421, "CD24": 0.14616854562743647, "CD25": 0.13118585004178118, "CD29": 0.12278084854675828, "CD3": 0.14951847944234206, "CD36": 0.10072702304043095, "CD38": 0.14617979156673533, "CD4": 0.11839715558804496, "CD40": 0.11831012665886127, "CD44": 0.1364364032266285, "CD45": 0.13006029873246033, "CD45RA": 0.13006029873246033, "CD45RO": 0.1483889471578918, "CD5": 0.13510498568362944, "CD54": 0.1170429141521286, "CD55": 0.11961074788158466, "CD56": 0.09257234640954837, "CD6": 0.12082809716939308, "CD62P": 0.10130037557984145, "CD63": 0.08596129836902876, "CD68": 0.1431504808118664, "CD69": 0.14617486945892297, "CD7": 0.15724185164546317, "CD8": 0.1159899722741658, "CD9": 0.15273766449492876, "CD95": 0.16565212479127103, "Cytokeratin-14": 0.14210372146138414, "HLA-ABC": 0.16329767116622562, "HLA-DR": 0.12838064973263785, "Notch-1": 0.1522204425776991, "Notch-3": 0.13996164123278979, "TNFR1": 0.17749432615717098, "Vimentin": 0.10497254848220483}