{"ADAM10": 0.1512349748760984, "Bcl-2": 0.17370535591034875, "CD10": 0.16808687422597468, "CD107a": 0.16808687422597468, "CD13": 0.19538212572321206, "CD138": 0.19538212572321206, "CD14": 0.10747852769459204, "CD1a": 0.10057754232891668, "CD2": 0.14853217414835793, "CD25": 0.14654248609679965, "CD271": 0.15545961519294105, "CD3": 0.13081702316647106, "CD36": 0.11458430844993567, "CD4": 0.16153578030739826, "CD44": 0.1623527537367537, "CD45": 0.11956049380313657, "CD45RA": 0.1238354012087469, "CD45RO": 0.1617752287114017, "CD5": 0.1245993723289181, "CD56": 0.11695792772995907, "CD6": 0.12345015541162266, "CD63": 0.12076344667776064, "CD66abce": 0.14963435812056813, "CD7": 0.16287607011946809, "CD71": 0.14785898335879197, "CD8": 0.11230312908080708, "CD9": 0.17187289527500874, "CD95": 0.17187289527500874, "Collagen IV": 0.1268260130166915, "Cytokeratin-14": 0.13822018294406108, "EBF-P": 0.19237876748033605, "EGFR": 0.19587639747407357, "EGFR-AF488": 0.19584793519638802, "HLA-ABC": 0.167745106947386, "HLA-DR": 0.1389613061768313, "KIP1": 0.18012696376050552, "Ki67": 0.17514102327285686, "L302": 0.1867341125757284, "MCSP": 0.18395210891191202, "Melan-A": 0.17796962578160821, "Nestin-AF488": 0.18126008309426106, "Notch-1": 0.14861867450353497, "Notch-3": 0.15827872485636552, "PPARgamma": 0.17138325849307445, "PPB": 0.18402437274216926, "RIM3": 0.1522580291819358, "TAP73": 0.16353600575058777, "Vimentin": 0.13170813187964653, "p63": 0.15608040099174297, "phospho-Connexin": 0.14867650271655675}