{"ADAM10": 0.1417080257727115, "Bcl-2": 0.1905756164063196, "CD10": 0.14560382198255478, "CD107a": 0.14560382198255478, "CD13": 0.23335543569359107, "CD138": 0.23335543569359107, "CD14": 0.05900215728325168, "CD1a": 0.04520748419296065, "CD2": 0.1109309340330392, "CD25": 0.10791720612961382, "CD271": 0.11899024203697643, "CD3": 0.07398483871589392, "CD36": 0.06805140697006865, "CD4": 0.15692463082422342, "CD44": 0.14077521028303663, "CD45": 0.07245832123947078, "CD45RA": 0.08162342323130467, "CD45RO": 0.1501543513367995, "CD5": 0.07309436399602116, "CD56": 0.0704501991088382, "CD6": 0.07835810138084827, "CD63": 0.08053159324068342, "CD66abce": 0.11685927889785587, "CD7": 0.1234361760300956, "CD71": 0.12135014008563536, "CD8": 0.06185588685211095, "CD9": 0.15080292643699064, "CD95": 0.15080292643699064, "Collagen IV": 0.06340264921586741, "Cytokeratin-14": 0.0687092760513099, "EBF-P": 0.24136877695743392, "EGFR": 0.2514459050501716, "EGFR-AF488": 0.25359591939124465, "HLA-ABC": 0.1548278478912544, "HLA-DR": 0.1034588514508578, "KIP1": 0.2200356849460146, "Ki67": 0.15107383396286803, "L302": 0.24456007792845263, "MCSP": 0.15459408203451477, "Melan-A": 0.19526500269549854, "Nestin-AF488": 0.19995171541329274, "Notch-1": 0.11822331564439885, "Notch-3": 0.13510377384464298, "PPARgamma": 0.15507558316185657, "PPB": 0.21789598601403287, "RIM3": 0.12604118772377956, "TAP73": 0.1235984190728509, "Vimentin": 0.0805214873176238, "p63": 0.1240795392913755, "phospho-Connexin": 0.09468672551034288}